{
    "center": [
        -86.61059755414367,
        36.923797915676644
    ],
    "zoom": 9.21,
    "coverage_area_1": [
        [
            -86.19802428282452,
            37.14273341606565
        ],
        [
            -86.20752237252381,
            37.10392081653545
        ],
        [
            -86.15172109553968,
            37.10770828764974
        ]
    ],
    "coverage_area_2": [
        [
            -86.52808289987962,
            36.609939577929225
        ],
        [
            -86.54589181806617,
            36.557505050333475
        ],
        [
            -86.26451091072073,
            36.54796767380948
        ],
        [
            -86.25857460465828,
            36.636619835375456
        ]
    ],
    "rdof_1": [
        -87.06606511375155,
        36.673220388805774
    ],
    "rdof_2": [
        -86.45614240607513,
        37.19855736315348
    ],
    "census_1": [
        -86.21345867858625,
        36.93044159505884
    ],
    "census_2": [
        -87.1003428042702,
        36.995898303616954
    ],
    "community_connect_1": [
        -86.97093133211536,
        36.72421849618219
    ],
    "community_connect_2": [
        -86.59456952777583,
        36.93233968282428
    ],
    "cbrs_1": [
        -86.32981027740415,
        36.9826217833496
    ],
    "cbrs_2": [
        -86.122039565229,
        36.74515121917901
    ]
}