{
    "tower": [
        -86.58242848006918,
        36.808415845040415
    ],
    "cpe": [
        -86.58538341719195,
        36.80738720733433
    ],
    "add_tower": [
        -86.58335,
        36.80824
    ],
    "building": [
        -86.58301,
        36.80925
    ]
}