{
    "tower": [
        -86.58242848006918,
        36.808415845040415
    ],
    "cpe": [
        -86.58538341719195,
        36.80738720733433
    ],
    "add_tower": [
        -86.58335,
        36.80824
    ],
    "building": [
        -86.58301,
        36.80925
    ],
    "initial_center": [
        -97.03125,
        36.59789
    ],
    "initial_zoom": 3.75,
    "final_center": [
        -86.5817861024335,
        36.80733577508586
    ],
    "final_zoom": 15.74
}